Age,Breed,Temperature,Eating Behavior,Coughing,Feces Appearance,Water Consumption,Disease Predicted
1,Plymouth Rock,40.51890666915718,Decreased,Yes,Bloody,Increased,Marek's Disease
4,Rhode Island Red,40.67468143347239,Decreased,Yes,Normal,Increased,Coccidiosis
1,Plymouth Rock,41.51112326258219,Decreased,Yes,Loose,Increased,Avian Influenza
3,Sussex,39.738313479330365,Normal,No,Bloody,Normal,Avian Influenza
3,Rhode Island Red,40.0749208637844,Decreased,Yes,Normal,Normal,Coccidiosis
2,Brahma,41.0495623291633,Normal,Yes,Loose,Increased,Marek's Disease
2,Brahma,40.80985618688813,Normal,Yes,Bloody,Increased,Marek's Disease
3,Rhode Island Red,41.007763652628135,Decreased,No,Loose,Increased,Healthy
1,Leghorn,41.83946900857474,Normal,No,Loose,Increased,Avian Influenza
2,Sussex,41.30961375532048,Normal,Yes,Normal,Normal,Marek's Disease
4,Plymouth Rock,40.94450746219027,Normal,Yes,Bloody,Increased,Healthy
4,Plymouth Rock,40.381966696827234,Decreased,No,Loose,Normal,Coccidiosis
4,Plymouth Rock,39.774187480829895,Decreased,Yes,Normal,Normal,Marek's Disease
3,Sussex,39.711981586089294,Normal,No,Normal,Normal,Coccidiosis
4,Brahma,41.029185988014184,Decreased,Yes,Normal,Increased,Coccidiosis
2,Brahma,41.19758460461971,Decreased,No,Normal,Increased,Coccidiosis
1,Leghorn,41.72190799049647,Normal,No,Normal,Normal,Marek's Disease
1,Plymouth Rock,39.56513949826556,Decreased,No,Bloody,Normal,Marek's Disease
3,Brahma,41.37568719959633,Decreased,No,Normal,Normal,Coccidiosis
4,Rhode Island Red,40.80718997923265,Decreased,Yes,Loose,Normal,Avian Influenza
1,Sussex,40.44708438303382,Normal,Yes,Normal,Normal,Healthy
4,Brahma,39.89403932998984,Decreased,Yes,Bloody,Normal,Avian Influenza
2,Plymouth Rock,41.37043697679623,Normal,Yes,Bloody,Increased,Avian Influenza
3,Brahma,40.19991438968877,Decreased,No,Normal,Increased,Coccidiosis
3,Rhode Island Red,41.044255186063616,Normal,No,Normal,Increased,Healthy
3,Leghorn,40.78570948505144,Decreased,Yes,Normal,Increased,Avian Influenza
2,Leghorn,41.28830760059874,Normal,No,Normal,Increased,Coccidiosis
4,Brahma,41.65499949363445,Decreased,No,Bloody,Increased,Marek's Disease
2,Rhode Island Red,41.773759439023905,Normal,Yes,Normal,Increased,Avian Influenza
2,Sussex,40.68584254355452,Decreased,Yes,Bloody,Increased,Avian Influenza
2,Leghorn,41.65307970061202,Decreased,Yes,Loose,Normal,Avian Influenza
4,Sussex,41.77116160798451,Normal,Yes,Normal,Increased,Avian Influenza
2,Rhode Island Red,40.948838224951075,Normal,Yes,Normal,Normal,Avian Influenza
2,Plymouth Rock,39.74328019501004,Normal,No,Normal,Normal,Avian Influenza
4,Leghorn,41.414881322554656,Decreased,Yes,Loose,Increased,Healthy
1,Rhode Island Red,39.66855176094054,Decreased,No,Loose,Normal,Coccidiosis
2,Rhode Island Red,40.22047600881821,Decreased,No,Loose,Increased,Marek's Disease
1,Leghorn,41.7317297784199,Normal,No,Loose,Normal,Coccidiosis
2,Leghorn,39.84185935341116,Decreased,No,Normal,Normal,Coccidiosis
1,Plymouth Rock,41.38200558899368,Decreased,Yes,Loose,Increased,Marek's Disease
2,Rhode Island Red,40.73015238302823,Decreased,No,Normal,Increased,Marek's Disease
3,Brahma,40.652036110194665,Normal,Yes,Bloody,Increased,Marek's Disease
4,Rhode Island Red,40.60275491624406,Normal,No,Normal,Increased,Coccidiosis
3,Leghorn,40.962071659140946,Decreased,Yes,Bloody,Increased,Marek's Disease
2,Rhode Island Red,39.61392243264699,Decreased,No,Bloody,Normal,Healthy
3,Sussex,39.80483692130851,Normal,Yes,Loose,Normal,Marek's Disease
1,Leghorn,39.790239740438864,Normal,No,Bloody,Increased,Healthy
1,Plymouth Rock,41.685241578527766,Decreased,Yes,Normal,Increased,Marek's Disease
3,Sussex,41.84372578463302,Decreased,No,Normal,Normal,Avian Influenza
2,Plymouth Rock,39.63376601675811,Decreased,No,Bloody,Increased,Marek's Disease
4,Rhode Island Red,40.78256536615655,Decreased,Yes,Normal,Increased,Coccidiosis
1,Plymouth Rock,41.36717147036014,Normal,No,Normal,Increased,Avian Influenza
4,Sussex,40.83603901208844,Decreased,Yes,Bloody,Normal,Avian Influenza
3,Plymouth Rock,41.72535173427835,Decreased,No,Normal,Increased,Avian Influenza
4,Plymouth Rock,40.542161579636854,Decreased,No,Normal,Increased,Healthy
1,Brahma,41.13864028875008,Normal,Yes,Loose,Normal,Avian Influenza
1,Brahma,41.49318988953337,Decreased,No,Bloody,Normal,Coccidiosis
1,Plymouth Rock,40.580571119715906,Decreased,No,Normal,Increased,Avian Influenza
2,Rhode Island Red,40.30708608610449,Normal,No,Bloody,Normal,Avian Influenza
2,Rhode Island Red,41.42674725514725,Decreased,No,Bloody,Increased,Marek's Disease
1,Brahma,41.96426610573985,Normal,Yes,Normal,Normal,Healthy
4,Sussex,41.34802358566559,Decreased,No,Normal,Normal,Coccidiosis
2,Leghorn,41.818054376248675,Normal,Yes,Normal,Increased,Marek's Disease
4,Sussex,41.857029375537884,Normal,No,Normal,Increased,Healthy
2,Leghorn,41.734457158571125,Decreased,Yes,Normal,Normal,Healthy
2,Brahma,39.66141543933777,Normal,No,Bloody,Increased,Healthy
2,Brahma,39.89720784065264,Normal,No,Normal,Increased,Coccidiosis
4,Plymouth Rock,41.93373647250945,Decreased,No,Bloody,Normal,Avian Influenza
4,Plymouth Rock,41.19154979174156,Decreased,Yes,Loose,Normal,Healthy
1,Brahma,41.03926938390263,Normal,No,Loose,Normal,Healthy
3,Leghorn,39.69351065555281,Normal,Yes,Loose,Increased,Healthy
4,Brahma,40.29139314687406,Decreased,Yes,Loose,Normal,Marek's Disease
4,Leghorn,39.53184859147449,Normal,No,Loose,Normal,Avian Influenza
4,Sussex,41.67392514474162,Decreased,Yes,Normal,Increased,Healthy
2,Brahma,39.7711015704588,Decreased,Yes,Bloody,Normal,Marek's Disease
2,Brahma,39.74683952089356,Normal,No,Bloody,Normal,Marek's Disease
1,Rhode Island Red,40.51247329785478,Decreased,Yes,Bloody,Normal,Avian Influenza
2,Brahma,41.144645226138714,Decreased,No,Normal,Increased,Healthy
4,Plymouth Rock,41.00091782371607,Normal,Yes,Bloody,Normal,Healthy
4,Leghorn,40.93878356935783,Normal,Yes,Normal,Normal,Coccidiosis
4,Brahma,39.94652828468131,Normal,No,Loose,Normal,Healthy
2,Leghorn,40.38372777340421,Normal,Yes,Bloody,Increased,Coccidiosis
1,Leghorn,41.802434417853945,Normal,Yes,Loose,Increased,Avian Influenza
2,Sussex,39.57358513172949,Decreased,Yes,Loose,Increased,Healthy
2,Plymouth Rock,40.36557961884796,Normal,Yes,Normal,Increased,Healthy
3,Plymouth Rock,40.05722812442721,Decreased,Yes,Bloody,Increased,Coccidiosis
3,Rhode Island Red,41.61703789475412,Decreased,Yes,Normal,Increased,Healthy
2,Leghorn,41.43674290153267,Normal,Yes,Loose,Increased,Healthy
4,Rhode Island Red,41.970282884666815,Decreased,Yes,Loose,Normal,Marek's Disease
3,Sussex,41.908652741187616,Decreased,No,Loose,Increased,Coccidiosis
1,Sussex,41.444252171839395,Decreased,Yes,Bloody,Increased,Marek's Disease
1,Plymouth Rock,39.633971300636,Decreased,No,Loose,Normal,Avian Influenza
1,Rhode Island Red,39.60549766006313,Normal,Yes,Normal,Normal,Avian Influenza
4,Sussex,40.1647796965399,Decreased,Yes,Normal,Normal,Healthy
2,Leghorn,40.390357230259184,Normal,Yes,Normal,Normal,Healthy
2,Rhode Island Red,40.86381088370676,Normal,No,Loose,Increased,Coccidiosis
4,Sussex,40.34493158561148,Normal,Yes,Normal,Increased,Marek's Disease
2,Sussex,39.83639806852259,Decreased,No,Normal,Increased,Coccidiosis
4,Plymouth Rock,41.938839512935424,Decreased,No,Loose,Normal,Marek's Disease
4,Rhode Island Red,40.713980829528246,Decreased,Yes,Normal,Increased,Avian Influenza
3,Leghorn,41.8665620509381,Normal,Yes,Normal,Normal,Coccidiosis
2,Leghorn,41.93872292971936,Decreased,No,Loose,Normal,Coccidiosis
2,Rhode Island Red,41.338839527864955,Normal,No,Loose,Increased,Healthy
4,Sussex,41.056560704069845,Normal,No,Bloody,Normal,Marek's Disease
3,Leghorn,41.381051952692545,Decreased,Yes,Bloody,Increased,Avian Influenza
3,Plymouth Rock,41.65417818454832,Decreased,No,Bloody,Normal,Marek's Disease
3,Brahma,39.77456187354718,Decreased,No,Bloody,Normal,Healthy
2,Leghorn,41.02103761623951,Decreased,No,Bloody,Normal,Avian Influenza
4,Rhode Island Red,40.28893847269743,Decreased,No,Normal,Normal,Coccidiosis
4,Rhode Island Red,41.35575453010799,Decreased,Yes,Bloody,Increased,Marek's Disease
1,Plymouth Rock,41.92215566758259,Normal,No,Loose,Increased,Healthy
1,Rhode Island Red,39.886460248755846,Normal,Yes,Bloody,Increased,Healthy
2,Leghorn,40.121171944630255,Normal,Yes,Loose,Normal,Coccidiosis
4,Leghorn,40.72471646297981,Decreased,No,Bloody,Normal,Marek's Disease
1,Plymouth Rock,41.038771047365685,Normal,No,Loose,Increased,Healthy
1,Brahma,41.09666129626501,Normal,Yes,Bloody,Normal,Marek's Disease
4,Plymouth Rock,40.27245601478724,Decreased,Yes,Normal,Increased,Marek's Disease
3,Rhode Island Red,41.013700532029326,Decreased,Yes,Bloody,Increased,Healthy
3,Plymouth Rock,39.77498800202135,Normal,Yes,Loose,Increased,Healthy
2,Sussex,40.31068603405642,Decreased,No,Loose,Increased,Coccidiosis
1,Sussex,40.494623295329184,Decreased,No,Loose,Increased,Avian Influenza
1,Plymouth Rock,40.68012739413168,Decreased,Yes,Bloody,Increased,Marek's Disease
3,Sussex,41.87047080851658,Normal,No,Loose,Increased,Marek's Disease
3,Sussex,40.021379323944956,Decreased,No,Normal,Normal,Avian Influenza
4,Leghorn,39.57266129647269,Normal,No,Normal,Normal,Coccidiosis
3,Rhode Island Red,41.444396325686995,Normal,No,Normal,Increased,Marek's Disease
3,Plymouth Rock,40.36584010329925,Decreased,No,Normal,Increased,Coccidiosis
1,Brahma,41.90699467538619,Normal,Yes,Bloody,Normal,Avian Influenza
1,Leghorn,40.76442914949136,Normal,No,Bloody,Increased,Healthy
1,Plymouth Rock,39.9188426008275,Normal,Yes,Loose,Increased,Avian Influenza
2,Brahma,39.915797264445516,Decreased,Yes,Bloody,Increased,Healthy
2,Brahma,39.85253082764306,Normal,No,Normal,Increased,Avian Influenza
2,Rhode Island Red,41.69844264722188,Decreased,Yes,Bloody,Normal,Avian Influenza
3,Sussex,40.61199925677172,Normal,Yes,Bloody,Normal,Marek's Disease
2,Leghorn,41.630057418268734,Decreased,Yes,Loose,Increased,Coccidiosis
3,Sussex,41.35388604857346,Normal,No,Loose,Normal,Avian Influenza
4,Brahma,41.26121535020851,Decreased,Yes,Bloody,Normal,Healthy
1,Rhode Island Red,41.182232918222454,Decreased,No,Bloody,Normal,Avian Influenza
3,Brahma,41.89963370659142,Decreased,Yes,Normal,Increased,Healthy
1,Plymouth Rock,41.15235411275619,Normal,Yes,Normal,Increased,Marek's Disease
2,Rhode Island Red,41.20192385687252,Normal,No,Normal,Increased,Avian Influenza
4,Leghorn,41.1448254990957,Normal,No,Loose,Increased,Healthy
1,Plymouth Rock,40.45557797331689,Normal,Yes,Loose,Normal,Healthy
3,Sussex,40.02804540494431,Decreased,Yes,Normal,Increased,Coccidiosis
3,Brahma,40.0320775174816,Normal,No,Bloody,Normal,Marek's Disease
4,Leghorn,40.44709295917784,Normal,No,Loose,Normal,Healthy
2,Leghorn,40.48317943108471,Normal,No,Loose,Normal,Coccidiosis
2,Rhode Island Red,41.00220957894002,Decreased,Yes,Bloody,Increased,Marek's Disease
2,Plymouth Rock,39.843629128988304,Normal,Yes,Bloody,Increased,Marek's Disease
2,Brahma,40.86966141676142,Decreased,Yes,Loose,Increased,Avian Influenza
4,Sussex,40.792751386986566,Normal,No,Normal,Normal,Avian Influenza
1,Rhode Island Red,40.187961131263776,Normal,Yes,Normal,Normal,Healthy
3,Rhode Island Red,41.3463307520456,Decreased,Yes,Loose,Normal,Healthy
3,Plymouth Rock,39.81856637960853,Decreased,Yes,Loose,Increased,Healthy
4,Rhode Island Red,40.85447481769405,Normal,Yes,Normal,Increased,Coccidiosis
2,Brahma,39.93257234078616,Decreased,Yes,Loose,Increased,Avian Influenza
2,Sussex,41.72762333457145,Decreased,Yes,Normal,Normal,Avian Influenza
1,Sussex,41.024242903291636,Decreased,No,Bloody,Normal,Healthy
2,Sussex,41.77826265801681,Decreased,Yes,Normal,Normal,Healthy
4,Rhode Island Red,40.89769420913293,Decreased,No,Loose,Normal,Coccidiosis
3,Rhode Island Red,39.500974628518186,Normal,Yes,Normal,Normal,Marek's Disease
2,Sussex,39.97851754478421,Decreased,Yes,Loose,Increased,Avian Influenza
1,Sussex,39.8127438693154,Normal,No,Normal,Normal,Avian Influenza
2,Rhode Island Red,40.8806883481171,Normal,Yes,Bloody,Normal,Avian Influenza
2,Brahma,41.08496205388614,Decreased,Yes,Loose,Normal,Marek's Disease
3,Brahma,40.703949975295586,Normal,No,Bloody,Increased,Coccidiosis
2,Plymouth Rock,41.2792880608647,Decreased,No,Normal,Increased,Coccidiosis
1,Sussex,40.889461620061496,Normal,No,Normal,Normal,Marek's Disease
1,Brahma,40.986072916656866,Decreased,Yes,Bloody,Normal,Avian Influenza
2,Brahma,40.00206928841431,Decreased,Yes,Normal,Increased,Marek's Disease
3,Leghorn,39.50217128077586,Decreased,No,Normal,Normal,Coccidiosis
1,Leghorn,39.90475546137841,Decreased,No,Normal,Increased,Avian Influenza
3,Plymouth Rock,40.77326899563321,Decreased,No,Normal,Normal,Healthy
2,Sussex,40.558739454668626,Normal,Yes,Normal,Increased,Coccidiosis
4,Leghorn,41.89446235757761,Normal,No,Normal,Normal,Coccidiosis
3,Leghorn,40.58092835810269,Normal,Yes,Bloody,Normal,Healthy
4,Rhode Island Red,40.32904007282416,Decreased,No,Bloody,Increased,Coccidiosis
2,Plymouth Rock,41.302490791783924,Normal,No,Normal,Increased,Marek's Disease
2,Rhode Island Red,41.97680073780486,Decreased,Yes,Bloody,Normal,Marek's Disease
2,Brahma,40.26214557211561,Decreased,Yes,Normal,Increased,Marek's Disease
2,Rhode Island Red,40.705993888198265,Decreased,Yes,Normal,Increased,Avian Influenza
3,Plymouth Rock,41.722047563951605,Normal,Yes,Bloody,Normal,Healthy
2,Leghorn,40.60607367188876,Normal,No,Loose,Increased,Coccidiosis
2,Brahma,41.169974371302004,Decreased,Yes,Loose,Normal,Coccidiosis
4,Rhode Island Red,41.24611105492559,Normal,No,Loose,Normal,Healthy
1,Rhode Island Red,40.75100575989834,Normal,Yes,Loose,Normal,Avian Influenza
4,Plymouth Rock,41.621116225402936,Decreased,No,Normal,Increased,Healthy
1,Sussex,41.25221108405965,Decreased,Yes,Bloody,Increased,Healthy
4,Rhode Island Red,40.37936449679911,Decreased,Yes,Normal,Increased,Coccidiosis
4,Rhode Island Red,41.83938216886943,Decreased,Yes,Loose,Increased,Healthy
4,Brahma,39.50583493595889,Decreased,No,Loose,Increased,Healthy
1,Leghorn,41.8461832903462,Decreased,No,Normal,Increased,Avian Influenza
4,Brahma,41.38649016235781,Normal,No,Bloody,Increased,Avian Influenza
4,Brahma,40.979158403044565,Decreased,No,Loose,Increased,Marek's Disease
3,Rhode Island Red,40.61884767104401,Normal,No,Bloody,Normal,Marek's Disease
3,Sussex,40.50349524853312,Normal,No,Bloody,Increased,Coccidiosis
2,Sussex,39.87682568852772,Normal,No,Loose,Normal,Avian Influenza
2,Rhode Island Red,41.70517446098768,Decreased,No,Loose,Increased,Coccidiosis
4,Plymouth Rock,39.87574072979524,Normal,Yes,Loose,Normal,Coccidiosis
3,Leghorn,41.569304176542275,Normal,Yes,Normal,Normal,Coccidiosis
1,Rhode Island Red,39.746189244059636,Normal,Yes,Loose,Normal,Avian Influenza
2,Leghorn,41.47870675227332,Normal,No,Normal,Normal,Avian Influenza
1,Plymouth Rock,40.905355465173756,Normal,Yes,Loose,Normal,Marek's Disease
1,Plymouth Rock,40.435236062740174,Normal,Yes,Bloody,Normal,Marek's Disease
2,Plymouth Rock,39.64312054679773,Decreased,Yes,Bloody,Increased,Avian Influenza
2,Sussex,39.722419427288976,Decreased,No,Loose,Normal,Healthy
1,Brahma,41.511680616574594,Decreased,No,Normal,Normal,Coccidiosis
1,Brahma,39.69819610868694,Normal,Yes,Loose,Normal,Healthy
3,Brahma,41.32737008404813,Decreased,No,Normal,Increased,Avian Influenza
1,Leghorn,41.04882516866783,Normal,No,Normal,Normal,Avian Influenza
3,Plymouth Rock,41.31012934759296,Normal,Yes,Bloody,Increased,Avian Influenza
4,Leghorn,41.54853650172265,Decreased,No,Normal,Normal,Healthy
1,Rhode Island Red,39.76605430241159,Normal,No,Bloody,Normal,Avian Influenza
4,Leghorn,39.552928987733175,Decreased,No,Normal,Increased,Avian Influenza
2,Leghorn,39.5222271339072,Decreased,No,Loose,Normal,Avian Influenza
2,Sussex,40.64267270734643,Decreased,Yes,Loose,Increased,Healthy
3,Plymouth Rock,41.26423875924506,Decreased,Yes,Normal,Normal,Avian Influenza
3,Rhode Island Red,41.38108813642854,Decreased,No,Bloody,Increased,Healthy
1,Leghorn,40.52787497770492,Decreased,Yes,Bloody,Normal,Marek's Disease
1,Sussex,39.87555927396475,Normal,Yes,Bloody,Normal,Healthy
4,Rhode Island Red,41.44085393438812,Decreased,No,Bloody,Normal,Healthy
3,Sussex,40.44815250194188,Decreased,No,Bloody,Normal,Avian Influenza
2,Leghorn,39.630321262766685,Normal,Yes,Bloody,Normal,Coccidiosis
3,Sussex,41.91402462938404,Decreased,Yes,Bloody,Normal,Marek's Disease
2,Rhode Island Red,41.73952340860751,Decreased,No,Bloody,Increased,Marek's Disease
3,Brahma,40.79129954713603,Normal,Yes,Normal,Normal,Healthy
1,Rhode Island Red,39.57018142996653,Decreased,Yes,Normal,Increased,Marek's Disease
4,Brahma,40.55632674079243,Decreased,No,Loose,Normal,Avian Influenza
2,Leghorn,41.98940313931714,Decreased,No,Normal,Normal,Marek's Disease
4,Sussex,41.137856145554224,Normal,Yes,Bloody,Increased,Coccidiosis
4,Brahma,41.62134350092363,Normal,Yes,Normal,Increased,Healthy
4,Plymouth Rock,41.41430305630944,Normal,Yes,Normal,Increased,Healthy
2,Sussex,40.535100379849695,Decreased,Yes,Loose,Increased,Marek's Disease
1,Leghorn,40.08069746962909,Decreased,Yes,Normal,Normal,Marek's Disease
4,Sussex,40.616108962200656,Normal,No,Loose,Increased,Avian Influenza
3,Plymouth Rock,40.79606061400325,Normal,Yes,Loose,Normal,Avian Influenza
2,Sussex,41.68642298278393,Normal,Yes,Normal,Increased,Coccidiosis
4,Sussex,41.905385558130114,Decreased,No,Normal,Increased,Healthy
1,Sussex,40.96616761176532,Decreased,Yes,Normal,Normal,Healthy
1,Plymouth Rock,41.48485672827285,Normal,Yes,Bloody,Increased,Healthy
4,Rhode Island Red,40.88489698565222,Normal,No,Normal,Increased,Marek's Disease
3,Brahma,40.606229504744995,Normal,No,Loose,Normal,Marek's Disease
3,Rhode Island Red,41.59978621837222,Normal,No,Normal,Normal,Healthy
1,Brahma,41.28979338211687,Normal,No,Loose,Increased,Healthy
2,Plymouth Rock,41.77158755942695,Normal,No,Normal,Increased,Avian Influenza
2,Rhode Island Red,41.16731105717152,Normal,No,Bloody,Normal,Avian Influenza
3,Brahma,40.45448314184071,Normal,No,Loose,Normal,Healthy
4,Brahma,39.54242493904378,Decreased,Yes,Loose,Normal,Healthy
2,Sussex,41.89523211473032,Normal,No,Bloody,Normal,Marek's Disease
4,Rhode Island Red,40.16536655579713,Normal,No,Normal,Normal,Healthy
1,Brahma,40.08509804157542,Decreased,Yes,Loose,Increased,Avian Influenza
2,Sussex,39.80400309001929,Normal,Yes,Bloody,Normal,Marek's Disease
2,Sussex,41.51619560848989,Decreased,Yes,Loose,Increased,Marek's Disease
4,Rhode Island Red,39.667190210021744,Normal,No,Bloody,Normal,Marek's Disease
1,Sussex,39.81481533357802,Normal,Yes,Bloody,Increased,Marek's Disease
2,Leghorn,39.53624724959447,Decreased,Yes,Normal,Increased,Healthy
4,Plymouth Rock,40.49069688299254,Decreased,No,Bloody,Increased,Avian Influenza
3,Leghorn,41.70155781008881,Decreased,No,Loose,Normal,Coccidiosis
2,Rhode Island Red,39.72368004865817,Normal,No,Bloody,Normal,Marek's Disease
4,Leghorn,40.25401199544171,Normal,No,Loose,Increased,Marek's Disease
3,Leghorn,40.057148445812146,Decreased,No,Normal,Increased,Marek's Disease
3,Leghorn,40.785801981553625,Decreased,Yes,Bloody,Normal,Avian Influenza
4,Sussex,39.741165270637275,Decreased,No,Loose,Increased,Healthy
3,Brahma,40.243588147796316,Normal,Yes,Normal,Normal,Marek's Disease
3,Brahma,41.595352945451175,Normal,No,Bloody,Normal,Avian Influenza
2,Plymouth Rock,41.128507594350076,Normal,No,Loose,Normal,Coccidiosis
4,Rhode Island Red,40.050019363234505,Decreased,No,Loose,Increased,Avian Influenza
2,Rhode Island Red,39.86345400441611,Decreased,No,Normal,Increased,Coccidiosis
3,Plymouth Rock,40.62461729476017,Decreased,Yes,Bloody,Increased,Marek's Disease
3,Rhode Island Red,40.669952764770386,Normal,Yes,Normal,Normal,Marek's Disease
1,Leghorn,41.342594208419044,Decreased,No,Normal,Normal,Avian Influenza
2,Rhode Island Red,40.40607893854011,Decreased,Yes,Bloody,Normal,Coccidiosis
3,Plymouth Rock,41.04634559120195,Decreased,No,Bloody,Normal,Avian Influenza
2,Sussex,41.32670688895055,Decreased,Yes,Bloody,Normal,Marek's Disease
3,Leghorn,39.983328172273424,Decreased,No,Loose,Normal,Marek's Disease
4,Plymouth Rock,40.96146995668841,Decreased,No,Normal,Increased,Coccidiosis
4,Sussex,41.77053419483763,Normal,No,Loose,Normal,Coccidiosis
3,Leghorn,41.300048384435094,Decreased,Yes,Normal,Normal,Healthy
4,Brahma,41.492672865390766,Decreased,No,Bloody,Normal,Coccidiosis
2,Leghorn,40.600350026264856,Decreased,No,Normal,Increased,Marek's Disease
3,Brahma,40.71497353450143,Decreased,Yes,Normal,Normal,Avian Influenza
3,Sussex,40.97693728987141,Decreased,No,Normal,Increased,Avian Influenza
2,Sussex,41.18872799420963,Decreased,Yes,Normal,Normal,Healthy
3,Sussex,41.87439015583148,Decreased,Yes,Bloody,Increased,Marek's Disease
3,Brahma,40.236235959106544,Decreased,Yes,Bloody,Increased,Healthy
3,Rhode Island Red,39.50490131067368,Decreased,Yes,Bloody,Increased,Marek's Disease
1,Plymouth Rock,41.969479858790905,Decreased,Yes,Loose,Normal,Marek's Disease
1,Leghorn,41.23424663551447,Decreased,Yes,Bloody,Normal,Healthy
1,Brahma,40.493389232174174,Decreased,No,Loose,Normal,Marek's Disease
1,Sussex,40.88226328507853,Decreased,No,Normal,Increased,Healthy
1,Plymouth Rock,40.075964081391994,Normal,No,Loose,Increased,Marek's Disease
4,Plymouth Rock,39.833387846780546,Normal,Yes,Bloody,Normal,Coccidiosis
2,Brahma,41.73105430050828,Decreased,Yes,Loose,Normal,Coccidiosis
4,Brahma,40.88303881413798,Normal,Yes,Normal,Normal,Coccidiosis
3,Plymouth Rock,40.957858663637424,Decreased,Yes,Normal,Normal,Coccidiosis
3,Leghorn,39.965709086340674,Decreased,Yes,Bloody,Increased,Avian Influenza
2,Sussex,40.81269403909736,Decreased,No,Bloody,Normal,Marek's Disease
2,Leghorn,40.34056201951149,Decreased,No,Loose,Normal,Coccidiosis
2,Rhode Island Red,39.856387875850785,Normal,Yes,Loose,Normal,Coccidiosis
1,Sussex,41.81133597332877,Normal,Yes,Normal,Normal,Healthy
3,Plymouth Rock,40.06394873404582,Normal,Yes,Bloody,Increased,Avian Influenza
2,Leghorn,39.713517952716884,Decreased,No,Bloody,Normal,Marek's Disease
3,Leghorn,39.60298313043241,Normal,Yes,Bloody,Increased,Marek's Disease
3,Brahma,41.50343476512069,Decreased,Yes,Bloody,Normal,Avian Influenza
2,Sussex,39.87692011532817,Normal,No,Loose,Normal,Avian Influenza
4,Sussex,39.83586680218691,Normal,Yes,Loose,Increased,Marek's Disease
1,Plymouth Rock,39.919257804252695,Decreased,Yes,Loose,Normal,Coccidiosis
2,Plymouth Rock,41.836251191653524,Normal,Yes,Bloody,Normal,Coccidiosis
1,Brahma,40.67904284682774,Decreased,Yes,Normal,Increased,Avian Influenza
4,Rhode Island Red,41.90207801417927,Normal,No,Bloody,Normal,Marek's Disease
1,Leghorn,40.20025540692245,Decreased,Yes,Bloody,Increased,Coccidiosis
2,Brahma,40.291328835800336,Decreased,Yes,Loose,Normal,Marek's Disease
1,Plymouth Rock,41.75268911648617,Decreased,Yes,Loose,Increased,Marek's Disease
4,Brahma,40.38001359091565,Decreased,No,Bloody,Increased,Healthy
1,Brahma,41.261065771846944,Decreased,No,Normal,Increased,Healthy
4,Leghorn,39.84780417214511,Decreased,No,Normal,Normal,Coccidiosis
4,Sussex,41.478808899835784,Normal,Yes,Normal,Normal,Marek's Disease
4,Leghorn,40.500994402642135,Decreased,No,Loose,Normal,Avian Influenza
4,Plymouth Rock,39.76973695459273,Normal,Yes,Bloody,Increased,Coccidiosis
2,Rhode Island Red,39.51587834617122,Normal,Yes,Bloody,Normal,Marek's Disease
3,Sussex,40.765291888984876,Decreased,No,Normal,Increased,Coccidiosis
3,Brahma,40.6944750234677,Normal,No,Bloody,Increased,Avian Influenza
4,Leghorn,41.69772652612811,Decreased,No,Normal,Normal,Avian Influenza
4,Brahma,39.91894798630224,Normal,Yes,Loose,Increased,Avian Influenza
2,Rhode Island Red,40.40290154992282,Normal,No,Loose,Increased,Healthy
3,Plymouth Rock,39.51451404564105,Decreased,No,Normal,Increased,Avian Influenza
4,Plymouth Rock,40.17250244803779,Normal,Yes,Bloody,Normal,Healthy
3,Plymouth Rock,41.33624743515779,Decreased,Yes,Normal,Increased,Avian Influenza
2,Rhode Island Red,39.89364854308211,Decreased,No,Normal,Increased,Coccidiosis
4,Plymouth Rock,41.23203891765636,Normal,No,Normal,Increased,Coccidiosis
3,Brahma,39.89729025803526,Decreased,Yes,Bloody,Normal,Avian Influenza
2,Plymouth Rock,40.56057094017588,Decreased,Yes,Loose,Increased,Avian Influenza
1,Brahma,41.20396718611196,Decreased,Yes,Loose,Normal,Coccidiosis
1,Plymouth Rock,40.94360544246405,Decreased,Yes,Bloody,Increased,Marek's Disease
4,Brahma,39.81046121228348,Decreased,No,Bloody,Increased,Avian Influenza
2,Leghorn,41.60079624458204,Normal,Yes,Normal,Normal,Healthy
4,Plymouth Rock,40.11895917789115,Decreased,No,Normal,Increased,Marek's Disease
3,Brahma,40.920723906662005,Decreased,Yes,Normal,Increased,Marek's Disease
1,Brahma,41.46237177813626,Normal,No,Bloody,Increased,Coccidiosis
1,Brahma,40.56131268582429,Decreased,Yes,Bloody,Normal,Avian Influenza
1,Brahma,40.57226379333694,Decreased,Yes,Loose,Increased,Coccidiosis
2,Brahma,40.324979884319795,Normal,No,Loose,Increased,Avian Influenza
1,Sussex,41.853090884193314,Decreased,Yes,Normal,Normal,Avian Influenza
4,Leghorn,41.515906304960076,Decreased,No,Normal,Increased,Healthy
1,Sussex,40.00311773563336,Normal,Yes,Bloody,Normal,Marek's Disease
1,Brahma,39.98318012360401,Normal,No,Loose,Normal,Coccidiosis
4,Sussex,41.03002750113103,Decreased,No,Loose,Normal,Healthy
3,Sussex,40.81984359946659,Decreased,No,Normal,Normal,Marek's Disease
1,Rhode Island Red,39.72025479198225,Decreased,No,Bloody,Normal,Healthy
1,Leghorn,41.67750425515947,Decreased,No,Loose,Increased,Avian Influenza
4,Plymouth Rock,40.25971174292935,Normal,No,Bloody,Normal,Marek's Disease
3,Leghorn,40.72336918012163,Decreased,Yes,Bloody,Normal,Healthy
4,Sussex,41.281430547409535,Normal,No,Normal,Normal,Marek's Disease
4,Plymouth Rock,40.18837695806705,Decreased,No,Loose,Increased,Healthy
3,Leghorn,41.68871065245456,Normal,Yes,Loose,Normal,Avian Influenza
4,Leghorn,40.33641685096713,Decreased,No,Bloody,Increased,Avian Influenza
3,Brahma,39.615715270476414,Normal,Yes,Loose,Increased,Avian Influenza
4,Leghorn,40.37838350955013,Normal,No,Normal,Increased,Healthy
3,Rhode Island Red,39.887184828699716,Decreased,No,Bloody,Normal,Coccidiosis
1,Brahma,40.230458894679394,Decreased,No,Loose,Normal,Coccidiosis
3,Leghorn,40.676644419890906,Decreased,Yes,Loose,Increased,Avian Influenza
4,Rhode Island Red,39.83900466199168,Decreased,Yes,Loose,Normal,Avian Influenza
1,Sussex,41.77572465849146,Decreased,No,Bloody,Normal,Avian Influenza
2,Leghorn,40.911982238863196,Normal,Yes,Normal,Normal,Coccidiosis
1,Sussex,39.58617261299587,Decreased,Yes,Normal,Increased,Coccidiosis
2,Brahma,40.03008778270715,Decreased,No,Bloody,Increased,Coccidiosis
1,Leghorn,41.25742503006874,Decreased,Yes,Bloody,Increased,Coccidiosis
4,Rhode Island Red,40.471816180066554,Decreased,Yes,Loose,Normal,Avian Influenza
2,Sussex,40.68533975477453,Decreased,Yes,Bloody,Increased,Avian Influenza
3,Rhode Island Red,41.964720614466785,Decreased,Yes,Loose,Normal,Marek's Disease
3,Plymouth Rock,39.72166964491024,Normal,No,Loose,Increased,Marek's Disease
4,Brahma,39.77450061391906,Decreased,No,Normal,Increased,Coccidiosis
4,Sussex,41.42146759160272,Normal,Yes,Normal,Normal,Healthy
1,Plymouth Rock,40.88665788222014,Normal,No,Normal,Increased,Marek's Disease
4,Rhode Island Red,40.184233077799014,Normal,Yes,Loose,Increased,Marek's Disease
2,Brahma,40.188888662329475,Normal,Yes,Loose,Normal,Avian Influenza
4,Plymouth Rock,39.70246995254866,Decreased,No,Bloody,Increased,Healthy
3,Leghorn,39.891074341577,Decreased,Yes,Bloody,Normal,Healthy
4,Plymouth Rock,41.48501620636939,Normal,No,Bloody,Increased,Avian Influenza
2,Sussex,41.923417352177225,Normal,No,Bloody,Increased,Coccidiosis
3,Sussex,41.75926949750571,Decreased,Yes,Loose,Increased,Coccidiosis
4,Rhode Island Red,41.554304580307914,Decreased,No,Normal,Normal,Coccidiosis
3,Leghorn,39.583260848302565,Decreased,No,Loose,Increased,Marek's Disease
3,Sussex,41.77287039448241,Normal,Yes,Normal,Normal,Healthy
2,Leghorn,41.35164061060593,Decreased,No,Normal,Increased,Coccidiosis
1,Brahma,40.3775170948193,Normal,No,Bloody,Normal,Healthy
1,Leghorn,41.113481507694715,Decreased,Yes,Normal,Increased,Avian Influenza
2,Rhode Island Red,41.62697577584815,Decreased,No,Normal,Normal,Coccidiosis
4,Leghorn,41.0299685314695,Normal,Yes,Bloody,Increased,Coccidiosis
4,Leghorn,40.16311008392605,Normal,No,Bloody,Normal,Healthy
4,Brahma,41.75443352486029,Normal,Yes,Bloody,Increased,Coccidiosis
2,Plymouth Rock,41.36980575306061,Decreased,No,Loose,Normal,Marek's Disease
4,Sussex,39.88024844897023,Decreased,Yes,Loose,Increased,Coccidiosis
2,Leghorn,40.80883306577058,Decreased,Yes,Normal,Increased,Healthy
1,Leghorn,39.8295808634862,Normal,Yes,Loose,Normal,Marek's Disease
1,Rhode Island Red,40.48747252470828,Decreased,No,Normal,Normal,Healthy
4,Leghorn,40.20838270363347,Decreased,No,Bloody,Increased,Coccidiosis
1,Brahma,41.62602732210586,Decreased,Yes,Normal,Increased,Healthy
1,Sussex,39.556306970728386,Normal,No,Bloody,Increased,Marek's Disease
3,Plymouth Rock,39.61646642161719,Normal,Yes,Normal,Increased,Marek's Disease
2,Brahma,40.28582455942752,Decreased,No,Loose,Normal,Coccidiosis
4,Sussex,39.812211457769436,Decreased,Yes,Loose,Increased,Healthy
3,Brahma,39.95463845570299,Decreased,No,Bloody,Increased,Coccidiosis
3,Brahma,41.65702896280716,Normal,Yes,Normal,Increased,Marek's Disease
2,Rhode Island Red,40.58883324199664,Decreased,Yes,Loose,Increased,Marek's Disease
1,Leghorn,39.753924501492,Decreased,Yes,Bloody,Normal,Coccidiosis
2,Brahma,41.51426089765071,Normal,No,Loose,Normal,Avian Influenza
4,Sussex,39.59714711697722,Decreased,Yes,Bloody,Increased,Healthy
1,Rhode Island Red,39.66729410706229,Decreased,Yes,Loose,Increased,Marek's Disease
2,Sussex,39.60271973790936,Decreased,Yes,Bloody,Increased,Avian Influenza
2,Brahma,39.74983444440462,Normal,Yes,Normal,Normal,Coccidiosis
4,Sussex,41.077772387259095,Decreased,Yes,Normal,Increased,Healthy
2,Plymouth Rock,40.73951819162823,Normal,Yes,Normal,Increased,Avian Influenza
2,Sussex,40.09398491869426,Normal,Yes,Normal,Normal,Coccidiosis
2,Leghorn,41.138121247788035,Normal,No,Bloody,Normal,Avian Influenza
2,Plymouth Rock,40.53013293956017,Normal,Yes,Bloody,Normal,Marek's Disease
3,Brahma,41.59748027292413,Decreased,Yes,Bloody,Increased,Marek's Disease
4,Brahma,41.8677410345587,Decreased,Yes,Bloody,Normal,Marek's Disease
2,Rhode Island Red,39.88469947842261,Decreased,No,Normal,Increased,Healthy
4,Sussex,41.52813896127926,Decreased,Yes,Normal,Increased,Healthy
3,Plymouth Rock,40.51274278800075,Decreased,No,Normal,Normal,Avian Influenza
2,Sussex,40.90267702134566,Decreased,No,Bloody,Normal,Healthy
2,Leghorn,41.25454517224947,Decreased,No,Loose,Increased,Coccidiosis
1,Leghorn,41.40131053122466,Normal,No,Loose,Normal,Marek's Disease
2,Plymouth Rock,40.22279426789276,Normal,No,Normal,Increased,Healthy
4,Sussex,41.72148201660927,Decreased,No,Normal,Normal,Healthy
4,Sussex,41.53794049746925,Normal,No,Loose,Normal,Avian Influenza
2,Brahma,39.640523568833984,Normal,Yes,Bloody,Normal,Healthy
4,Plymouth Rock,40.49053844056551,Decreased,No,Bloody,Increased,Coccidiosis
1,Rhode Island Red,40.59134293540592,Decreased,No,Normal,Normal,Marek's Disease
2,Brahma,39.816726335143144,Normal,No,Normal,Increased,Avian Influenza
1,Sussex,40.7669154826866,Normal,No,Bloody,Normal,Marek's Disease
4,Brahma,40.59572626008205,Normal,Yes,Loose,Increased,Marek's Disease
3,Leghorn,41.935523044003965,Normal,Yes,Bloody,Normal,Healthy
1,Sussex,39.76634275940758,Normal,Yes,Normal,Normal,Avian Influenza
1,Rhode Island Red,41.810542299808695,Normal,Yes,Loose,Normal,Marek's Disease
2,Sussex,41.732803559690666,Decreased,Yes,Loose,Increased,Healthy
2,Brahma,40.34140166140277,Decreased,No,Bloody,Normal,Coccidiosis
4,Leghorn,41.34954355399234,Decreased,Yes,Loose,Increased,Marek's Disease
4,Sussex,41.4306194445482,Normal,Yes,Loose,Normal,Marek's Disease
4,Leghorn,41.025245569988456,Normal,No,Normal,Normal,Coccidiosis
1,Rhode Island Red,40.742748772747774,Decreased,Yes,Loose,Increased,Avian Influenza
1,Brahma,41.385156534999204,Normal,No,Loose,Normal,Coccidiosis
3,Plymouth Rock,39.60182362214913,Normal,Yes,Bloody,Increased,Marek's Disease
4,Plymouth Rock,41.79204829302087,Decreased,Yes,Loose,Normal,Marek's Disease
2,Brahma,41.93510819055131,Decreased,No,Normal,Normal,Marek's Disease
1,Plymouth Rock,39.82471361868212,Decreased,No,Bloody,Increased,Coccidiosis
3,Leghorn,41.527802547629186,Normal,Yes,Bloody,Normal,Marek's Disease
3,Sussex,39.614101144576416,Decreased,No,Loose,Increased,Avian Influenza
4,Leghorn,39.97232946139922,Normal,No,Normal,Normal,Healthy
1,Leghorn,39.88375094922686,Normal,Yes,Normal,Normal,Avian Influenza
1,Rhode Island Red,39.52832682575781,Normal,Yes,Bloody,Normal,Avian Influenza
4,Leghorn,40.45643393238902,Normal,Yes,Bloody,Increased,Healthy
4,Leghorn,40.23237259914568,Normal,Yes,Bloody,Increased,Coccidiosis
4,Brahma,40.73322679264332,Decreased,Yes,Loose,Normal,Avian Influenza
4,Brahma,39.75678175907212,Normal,No,Loose,Increased,Avian Influenza
1,Sussex,39.974975372715896,Decreased,Yes,Bloody,Increased,Coccidiosis
2,Rhode Island Red,41.56512067307434,Normal,No,Bloody,Increased,Avian Influenza
2,Rhode Island Red,41.11723829198683,Decreased,Yes,Bloody,Normal,Healthy
2,Brahma,41.86131473148387,Normal,Yes,Loose,Increased,Avian Influenza
2,Rhode Island Red,39.64024220272312,Decreased,No,Loose,Normal,Coccidiosis
2,Leghorn,41.803313425375805,Decreased,Yes,Bloody,Increased,Marek's Disease
1,Leghorn,41.91327539790866,Normal,No,Normal,Increased,Marek's Disease
1,Sussex,41.29946077692002,Normal,No,Bloody,Increased,Healthy
2,Plymouth Rock,40.99849961400616,Decreased,Yes,Loose,Normal,Avian Influenza
4,Brahma,40.023195727131814,Decreased,Yes,Bloody,Normal,Healthy
3,Plymouth Rock,41.56006563503346,Decreased,Yes,Loose,Increased,Marek's Disease
4,Plymouth Rock,39.52618829370004,Decreased,No,Bloody,Increased,Coccidiosis
2,Rhode Island Red,41.636714657506204,Normal,No,Loose,Normal,Avian Influenza
1,Leghorn,41.753977638309195,Normal,Yes,Normal,Increased,Coccidiosis
3,Brahma,39.626557620676984,Decreased,Yes,Loose,Normal,Coccidiosis
2,Rhode Island Red,41.45740314740671,Decreased,Yes,Normal,Increased,Coccidiosis
3,Plymouth Rock,40.91924806869681,Decreased,No,Loose,Increased,Avian Influenza
2,Leghorn,41.33308629112196,Normal,Yes,Bloody,Normal,Healthy
2,Brahma,41.63252779271456,Decreased,Yes,Loose,Normal,Healthy
4,Brahma,40.76306679430787,Normal,Yes,Bloody,Increased,Coccidiosis
1,Sussex,41.56987134190412,Decreased,Yes,Bloody,Normal,Coccidiosis
2,Leghorn,40.81460977136952,Decreased,No,Bloody,Increased,Coccidiosis
3,Rhode Island Red,40.4776834329307,Decreased,No,Normal,Normal,Healthy
2,Leghorn,40.39642196672758,Decreased,No,Loose,Normal,Avian Influenza
3,Brahma,40.077784058252625,Decreased,No,Bloody,Normal,Marek's Disease
3,Brahma,39.61538201521597,Decreased,No,Normal,Normal,Marek's Disease
2,Brahma,41.13017463559025,Normal,Yes,Normal,Normal,Marek's Disease
2,Plymouth Rock,40.663025879500694,Normal,Yes,Normal,Normal,Healthy
2,Sussex,41.170902039567565,Normal,Yes,Normal,Normal,Marek's Disease
3,Sussex,40.18260280164191,Decreased,Yes,Bloody,Normal,Healthy
2,Sussex,40.246688168046965,Decreased,Yes,Bloody,Normal,Healthy
4,Brahma,40.61063724365196,Normal,No,Bloody,Normal,Avian Influenza
4,Rhode Island Red,41.80572353073357,Decreased,Yes,Bloody,Increased,Avian Influenza
1,Sussex,40.81088207166727,Normal,Yes,Normal,Increased,Marek's Disease
2,Brahma,40.99495164380995,Normal,Yes,Normal,Normal,Healthy
2,Leghorn,40.019758074415996,Normal,Yes,Loose,Normal,Coccidiosis
1,Plymouth Rock,39.99222438998766,Normal,No,Loose,Increased,Marek's Disease
1,Sussex,41.226085378125205,Normal,No,Bloody,Normal,Healthy
1,Leghorn,39.81139111113507,Normal,Yes,Bloody,Normal,Healthy
1,Rhode Island Red,41.77873622103235,Normal,No,Normal,Increased,Marek's Disease
3,Brahma,40.614533110071626,Decreased,No,Normal,Normal,Marek's Disease
1,Rhode Island Red,41.03854756131743,Normal,Yes,Normal,Normal,Coccidiosis
2,Sussex,40.98238620313338,Normal,No,Bloody,Normal,Healthy
1,Rhode Island Red,41.663434215222516,Normal,No,Bloody,Normal,Coccidiosis
4,Leghorn,41.26741868709512,Normal,Yes,Loose,Increased,Coccidiosis
4,Brahma,40.062959467876496,Normal,No,Normal,Normal,Coccidiosis
4,Brahma,41.1263765639938,Decreased,Yes,Bloody,Increased,Avian Influenza
3,Rhode Island Red,40.78733768442923,Decreased,No,Loose,Normal,Healthy
3,Leghorn,41.42035802602812,Normal,Yes,Normal,Increased,Avian Influenza
4,Brahma,41.882506362672345,Decreased,Yes,Loose,Normal,Marek's Disease
4,Brahma,39.82623230895723,Decreased,No,Normal,Normal,Avian Influenza
3,Leghorn,40.31682140717716,Decreased,Yes,Loose,Increased,Avian Influenza
4,Rhode Island Red,40.41778679730198,Decreased,Yes,Loose,Increased,Avian Influenza
4,Leghorn,41.92649927283396,Normal,Yes,Loose,Normal,Coccidiosis
2,Rhode Island Red,39.881089628540636,Normal,Yes,Loose,Increased,Coccidiosis
3,Sussex,41.789819946690514,Decreased,No,Bloody,Normal,Healthy
3,Plymouth Rock,39.502635166926396,Decreased,No,Normal,Normal,Avian Influenza
1,Leghorn,40.45654738447728,Normal,No,Bloody,Normal,Avian Influenza
3,Sussex,39.620123167411556,Decreased,No,Normal,Normal,Marek's Disease
4,Leghorn,40.27067475356165,Normal,No,Bloody,Increased,Marek's Disease
2,Sussex,41.4728842615028,Decreased,Yes,Bloody,Increased,Marek's Disease
3,Plymouth Rock,39.82996262473325,Normal,Yes,Normal,Increased,Healthy
4,Leghorn,41.10525276965747,Decreased,Yes,Bloody,Increased,Healthy
3,Rhode Island Red,39.994036832476894,Normal,No,Bloody,Increased,Avian Influenza
3,Brahma,41.272587220738835,Normal,No,Loose,Increased,Healthy
2,Sussex,39.941540166690935,Normal,No,Normal,Normal,Marek's Disease
3,Sussex,41.88896766780108,Decreased,No,Loose,Increased,Coccidiosis
2,Sussex,40.357926408276185,Decreased,Yes,Loose,Normal,Avian Influenza
1,Brahma,40.5817541635422,Normal,Yes,Bloody,Normal,Coccidiosis
4,Brahma,41.77284045971263,Normal,No,Normal,Increased,Avian Influenza
2,Leghorn,41.057552606929086,Decreased,No,Normal,Normal,Avian Influenza
2,Leghorn,40.63651583044419,Normal,Yes,Normal,Increased,Avian Influenza
1,Plymouth Rock,41.64814267400683,Decreased,Yes,Bloody,Normal,Avian Influenza
3,Brahma,40.18154108337168,Normal,No,Bloody,Normal,Coccidiosis
1,Sussex,40.11420812623463,Decreased,Yes,Normal,Increased,Marek's Disease
1,Rhode Island Red,41.69324793843305,Normal,Yes,Loose,Increased,Healthy
3,Sussex,39.634563856882025,Decreased,No,Bloody,Increased,Marek's Disease
3,Sussex,41.72115301676283,Decreased,No,Loose,Increased,Healthy
2,Rhode Island Red,40.028171629013166,Normal,Yes,Bloody,Normal,Avian Influenza
2,Sussex,40.7000209609484,Normal,Yes,Loose,Normal,Coccidiosis
2,Rhode Island Red,40.81052057338091,Decreased,No,Normal,Normal,Marek's Disease
2,Sussex,40.393121197414786,Decreased,No,Bloody,Normal,Avian Influenza
4,Brahma,41.756491648931544,Normal,No,Loose,Increased,Healthy
1,Rhode Island Red,40.3476924937035,Normal,Yes,Bloody,Increased,Healthy
1,Sussex,41.65406802196601,Normal,No,Bloody,Increased,Coccidiosis
3,Rhode Island Red,39.75161510657566,Decreased,No,Loose,Normal,Avian Influenza
2,Brahma,40.55268512899851,Decreased,No,Loose,Normal,Avian Influenza
4,Sussex,39.97158640479497,Decreased,No,Normal,Normal,Coccidiosis
3,Plymouth Rock,41.50141619835728,Decreased,No,Normal,Normal,Avian Influenza
2,Sussex,41.38607001283824,Normal,Yes,Bloody,Normal,Avian Influenza
2,Leghorn,41.0481066800571,Decreased,Yes,Bloody,Increased,Coccidiosis
3,Sussex,40.88046262845807,Normal,No,Loose,Increased,Avian Influenza
3,Brahma,41.82162742276425,Normal,Yes,Loose,Normal,Avian Influenza
1,Leghorn,40.25940936494207,Decreased,No,Bloody,Normal,Healthy
1,Brahma,40.616531361816676,Decreased,No,Normal,Normal,Marek's Disease
4,Plymouth Rock,40.056681813579544,Normal,Yes,Normal,Normal,Healthy
2,Plymouth Rock,40.067325278749,Decreased,Yes,Loose,Normal,Marek's Disease
4,Rhode Island Red,40.09091868050253,Decreased,Yes,Loose,Increased,Avian Influenza
3,Brahma,39.605929852981426,Normal,No,Bloody,Normal,Healthy
1,Sussex,40.2128753033658,Normal,No,Normal,Normal,Avian Influenza
3,Brahma,39.86544468069696,Normal,Yes,Normal,Normal,Marek's Disease
3,Rhode Island Red,40.954635520700165,Normal,Yes,Bloody,Increased,Marek's Disease
4,Sussex,40.423894301325724,Decreased,No,Loose,Increased,Marek's Disease
1,Leghorn,41.76820600729592,Decreased,No,Loose,Increased,Marek's Disease
4,Rhode Island Red,39.6025706123552,Decreased,Yes,Normal,Increased,Avian Influenza
1,Rhode Island Red,40.812942071007534,Normal,No,Loose,Normal,Healthy
2,Brahma,40.50496579133992,Decreased,Yes,Normal,Increased,Coccidiosis
3,Plymouth Rock,41.84369684366712,Decreased,No,Loose,Normal,Avian Influenza
1,Plymouth Rock,40.22813684085419,Normal,No,Normal,Increased,Coccidiosis
2,Brahma,40.970667506051,Normal,Yes,Bloody,Increased,Avian Influenza
2,Leghorn,40.424229863561784,Normal,Yes,Loose,Normal,Coccidiosis
3,Plymouth Rock,41.82007115077959,Decreased,Yes,Normal,Normal,Avian Influenza
1,Rhode Island Red,40.681838804831465,Decreased,Yes,Bloody,Increased,Avian Influenza
3,Brahma,41.60362074907811,Normal,Yes,Loose,Increased,Marek's Disease
3,Leghorn,40.835652789721486,Decreased,No,Loose,Normal,Avian Influenza
1,Brahma,41.16412139538158,Normal,No,Bloody,Increased,Avian Influenza
1,Leghorn,40.618934047813504,Normal,No,Bloody,Normal,Healthy
3,Brahma,40.538342255027736,Decreased,No,Loose,Increased,Marek's Disease
2,Rhode Island Red,40.57093091925388,Decreased,No,Bloody,Normal,Coccidiosis
2,Sussex,41.089385542128106,Decreased,Yes,Loose,Increased,Healthy
3,Brahma,41.86069825952659,Decreased,No,Bloody,Normal,Marek's Disease
3,Rhode Island Red,41.157532706983886,Decreased,Yes,Loose,Normal,Coccidiosis
4,Leghorn,41.85298264930002,Decreased,Yes,Normal,Normal,Healthy
2,Brahma,41.06538618449673,Normal,No,Bloody,Normal,Marek's Disease
3,Brahma,40.15855548577583,Decreased,No,Bloody,Increased,Marek's Disease
1,Sussex,39.82358302448479,Normal,No,Bloody,Increased,Coccidiosis
1,Rhode Island Red,40.21006015003383,Normal,No,Normal,Increased,Healthy
2,Rhode Island Red,41.320776902288216,Normal,Yes,Bloody,Normal,Coccidiosis
2,Plymouth Rock,40.65936574457315,Decreased,Yes,Normal,Increased,Marek's Disease
1,Brahma,40.42713584992266,Decreased,Yes,Normal,Normal,Coccidiosis
1,Brahma,40.806537496236345,Normal,Yes,Loose,Increased,Avian Influenza
1,Plymouth Rock,41.07724279835242,Decreased,No,Normal,Normal,Healthy
2,Sussex,40.84138871386166,Decreased,Yes,Loose,Increased,Healthy
4,Leghorn,40.19993276998763,Decreased,Yes,Normal,Increased,Healthy
3,Sussex,40.785702469929205,Decreased,No,Loose,Increased,Avian Influenza
4,Brahma,40.10149017094048,Normal,No,Bloody,Normal,Marek's Disease
4,Plymouth Rock,40.89523243403966,Normal,No,Normal,Increased,Coccidiosis
1,Rhode Island Red,40.04634957602355,Normal,No,Bloody,Increased,Healthy
4,Brahma,40.10709870870545,Decreased,Yes,Loose,Normal,Coccidiosis
4,Rhode Island Red,40.68110261052814,Normal,No,Loose,Increased,Healthy
2,Rhode Island Red,41.21018622470477,Decreased,No,Bloody,Increased,Coccidiosis
2,Leghorn,39.961204039328585,Decreased,No,Normal,Increased,Healthy
2,Brahma,39.910364580542314,Decreased,No,Bloody,Normal,Avian Influenza
4,Brahma,41.51144939957238,Normal,Yes,Normal,Normal,Marek's Disease
1,Rhode Island Red,39.783634041396404,Decreased,Yes,Normal,Normal,Marek's Disease
4,Sussex,40.700814368410796,Normal,Yes,Bloody,Normal,Healthy
1,Plymouth Rock,41.021686785854584,Decreased,No,Loose,Increased,Coccidiosis
3,Leghorn,40.235059820432376,Normal,No,Loose,Normal,Healthy
2,Rhode Island Red,40.17223863399836,Decreased,No,Bloody,Normal,Coccidiosis
3,Plymouth Rock,39.796605199877725,Normal,Yes,Bloody,Normal,Avian Influenza
1,Plymouth Rock,40.60472539305527,Normal,No,Loose,Normal,Coccidiosis
4,Plymouth Rock,39.70961711668942,Decreased,No,Loose,Normal,Avian Influenza
1,Sussex,40.94731401655248,Normal,No,Bloody,Increased,Avian Influenza
1,Brahma,41.65611468256347,Normal,Yes,Bloody,Normal,Avian Influenza
4,Plymouth Rock,39.75786706603133,Normal,No,Normal,Normal,Marek's Disease
2,Brahma,41.365679896038294,Decreased,Yes,Loose,Increased,Coccidiosis
2,Leghorn,39.69129265163718,Normal,No,Bloody,Increased,Healthy
4,Plymouth Rock,41.174545473996986,Decreased,No,Normal,Normal,Healthy
1,Sussex,41.71338332270956,Normal,Yes,Normal,Normal,Healthy
3,Rhode Island Red,40.72433507264095,Decreased,No,Loose,Increased,Healthy
1,Brahma,40.58084917665741,Decreased,No,Normal,Normal,Avian Influenza
2,Brahma,41.7210632446573,Normal,Yes,Bloody,Normal,Coccidiosis
3,Leghorn,40.051379041340596,Normal,Yes,Normal,Normal,Avian Influenza
3,Plymouth Rock,41.06473819934029,Normal,Yes,Loose,Normal,Healthy
1,Brahma,41.91401814967862,Decreased,Yes,Bloody,Increased,Avian Influenza
2,Leghorn,41.787361610029016,Normal,No,Bloody,Normal,Avian Influenza
3,Brahma,40.44868463582985,Normal,No,Normal,Increased,Healthy
4,Brahma,40.866802988010036,Decreased,Yes,Loose,Normal,Avian Influenza
3,Brahma,40.78638066923098,Normal,No,Bloody,Increased,Healthy
1,Brahma,41.432942210564754,Normal,Yes,Normal,Increased,Avian Influenza
2,Brahma,41.51086024717736,Normal,Yes,Bloody,Normal,Coccidiosis
3,Leghorn,41.11539489107728,Normal,No,Bloody,Increased,Healthy
3,Sussex,40.82929511191094,Normal,No,Bloody,Increased,Marek's Disease
2,Brahma,41.14722240102765,Normal,No,Loose,Increased,Coccidiosis
2,Brahma,41.190946470965955,Normal,No,Loose,Increased,Coccidiosis
1,Leghorn,41.989444417044176,Normal,No,Loose,Normal,Marek's Disease
3,Plymouth Rock,41.90411321045092,Normal,No,Loose,Normal,Marek's Disease
3,Brahma,41.00684363440315,Decreased,Yes,Normal,Normal,Marek's Disease
4,Brahma,41.127447734347385,Decreased,No,Bloody,Normal,Marek's Disease
4,Rhode Island Red,41.632522843233694,Decreased,No,Normal,Increased,Coccidiosis
4,Brahma,40.68805021811364,Normal,No,Bloody,Normal,Coccidiosis
2,Leghorn,41.40928907126559,Normal,No,Normal,Normal,Avian Influenza
1,Rhode Island Red,39.601113969401794,Normal,No,Loose,Increased,Healthy
3,Brahma,40.89526070845933,Decreased,No,Loose,Normal,Healthy
1,Sussex,41.03197226373044,Normal,Yes,Loose,Increased,Marek's Disease
4,Plymouth Rock,41.78434965986839,Decreased,No,Normal,Normal,Coccidiosis
4,Leghorn,41.60338474246275,Normal,No,Loose,Normal,Marek's Disease
2,Rhode Island Red,41.280469797536384,Decreased,Yes,Loose,Increased,Avian Influenza
3,Leghorn,39.59371692368003,Normal,No,Bloody,Normal,Avian Influenza
2,Sussex,41.70531753879469,Decreased,No,Normal,Increased,Marek's Disease
2,Plymouth Rock,40.7476810691908,Normal,Yes,Loose,Increased,Marek's Disease
4,Plymouth Rock,41.29983638427251,Decreased,Yes,Bloody,Increased,Coccidiosis
2,Sussex,40.52689455402828,Normal,Yes,Bloody,Normal,Avian Influenza
3,Leghorn,41.20187405028976,Normal,No,Loose,Normal,Avian Influenza
3,Rhode Island Red,40.811005999371254,Normal,No,Bloody,Normal,Coccidiosis
2,Plymouth Rock,39.85164025458855,Normal,Yes,Normal,Increased,Coccidiosis
2,Rhode Island Red,41.41075355916028,Decreased,Yes,Normal,Increased,Coccidiosis
2,Rhode Island Red,40.77462392006448,Normal,Yes,Normal,Increased,Healthy
4,Plymouth Rock,40.694873866077046,Normal,Yes,Loose,Increased,Avian Influenza
3,Leghorn,39.72721561684692,Decreased,No,Normal,Normal,Marek's Disease
2,Brahma,39.71574667162112,Decreased,Yes,Loose,Normal,Healthy
1,Plymouth Rock,40.87309664534319,Decreased,Yes,Loose,Increased,Marek's Disease
1,Sussex,41.22836864608883,Normal,Yes,Loose,Normal,Marek's Disease
4,Plymouth Rock,41.09367858549583,Decreased,Yes,Normal,Normal,Avian Influenza
2,Leghorn,40.96288226100466,Normal,No,Loose,Increased,Healthy
1,Sussex,40.73968783872261,Normal,No,Normal,Normal,Avian Influenza
3,Rhode Island Red,39.56239475502062,Decreased,Yes,Loose,Normal,Avian Influenza
1,Plymouth Rock,40.55867522194247,Normal,Yes,Normal,Normal,Healthy
4,Rhode Island Red,39.807958818736005,Normal,Yes,Loose,Normal,Coccidiosis
4,Leghorn,41.16947893091531,Normal,No,Loose,Increased,Healthy
2,Rhode Island Red,41.5893693064898,Normal,Yes,Bloody,Increased,Healthy
2,Rhode Island Red,39.949660259405206,Normal,Yes,Normal,Normal,Avian Influenza
2,Brahma,40.39416467899106,Normal,Yes,Loose,Increased,Marek's Disease
2,Leghorn,41.13833452470409,Decreased,Yes,Normal,Normal,Marek's Disease
1,Leghorn,40.59850013369959,Decreased,No,Bloody,Normal,Healthy
3,Sussex,40.99346259552734,Decreased,Yes,Normal,Normal,Avian Influenza
2,Plymouth Rock,40.79572021323063,Decreased,Yes,Loose,Increased,Marek's Disease
3,Sussex,40.309509942811296,Decreased,Yes,Bloody,Normal,Coccidiosis
3,Plymouth Rock,40.30716087198622,Decreased,Yes,Loose,Normal,Marek's Disease
4,Leghorn,39.9582259008751,Normal,No,Normal,Increased,Marek's Disease
1,Leghorn,40.605102392609716,Normal,No,Loose,Increased,Avian Influenza
3,Plymouth Rock,41.5733763472347,Decreased,Yes,Loose,Normal,Coccidiosis
4,Plymouth Rock,41.82067363821506,Normal,Yes,Normal,Normal,Marek's Disease
1,Rhode Island Red,39.69358648603643,Decreased,No,Normal,Normal,Healthy
4,Brahma,39.589340622085565,Decreased,Yes,Loose,Increased,Marek's Disease
3,Brahma,40.39974491583703,Decreased,Yes,Bloody,Normal,Avian Influenza
2,Leghorn,39.868339939052404,Decreased,Yes,Bloody,Increased,Avian Influenza
4,Rhode Island Red,39.93753315281924,Decreased,Yes,Normal,Increased,Avian Influenza
2,Leghorn,39.83092185496515,Normal,No,Normal,Normal,Healthy
4,Sussex,40.048821501944296,Decreased,Yes,Loose,Normal,Marek's Disease
1,Sussex,39.88640249798821,Normal,Yes,Loose,Normal,Healthy
1,Brahma,40.918314635300995,Decreased,No,Normal,Normal,Marek's Disease
1,Plymouth Rock,41.1831265616851,Decreased,No,Loose,Increased,Coccidiosis
3,Leghorn,40.586274075579006,Decreased,No,Normal,Normal,Healthy
4,Rhode Island Red,40.15948766320337,Decreased,Yes,Loose,Normal,Marek's Disease
1,Plymouth Rock,40.0171013507259,Normal,Yes,Bloody,Normal,Healthy
1,Rhode Island Red,39.58955456316029,Decreased,No,Normal,Normal,Marek's Disease
2,Leghorn,40.60824129620619,Normal,Yes,Loose,Increased,Healthy
1,Sussex,41.952139013880384,Decreased,No,Loose,Normal,Healthy
3,Brahma,40.8993118748777,Normal,No,Normal,Normal,Marek's Disease
4,Leghorn,41.90254061269361,Decreased,No,Loose,Increased,Avian Influenza
3,Plymouth Rock,41.28037283495594,Decreased,Yes,Normal,Increased,Healthy
1,Plymouth Rock,41.47819855267431,Decreased,Yes,Loose,Increased,Avian Influenza
4,Plymouth Rock,41.82870846410958,Decreased,No,Normal,Increased,Avian Influenza
1,Leghorn,40.21093388326293,Normal,No,Normal,Normal,Coccidiosis
3,Brahma,39.96337894167015,Normal,No,Normal,Increased,Healthy
2,Sussex,39.56345097740887,Decreased,No,Bloody,Normal,Coccidiosis
1,Leghorn,40.834102336592075,Normal,No,Normal,Increased,Marek's Disease
4,Brahma,41.741020066332474,Decreased,No,Normal,Increased,Marek's Disease
1,Sussex,40.723813005818364,Normal,Yes,Normal,Increased,Avian Influenza
3,Plymouth Rock,41.239137974739656,Normal,Yes,Normal,Increased,Avian Influenza
3,Leghorn,40.87140648526753,Decreased,Yes,Loose,Normal,Coccidiosis
3,Sussex,41.81013591109475,Decreased,Yes,Loose,Increased,Marek's Disease
1,Plymouth Rock,41.88546084873283,Normal,No,Normal,Normal,Coccidiosis
4,Sussex,39.564606913129985,Decreased,Yes,Normal,Normal,Healthy
1,Rhode Island Red,40.882256711549665,Decreased,Yes,Loose,Normal,Avian Influenza
4,Rhode Island Red,41.721248745945246,Decreased,Yes,Bloody,Increased,Coccidiosis
3,Leghorn,40.82878432337309,Normal,No,Normal,Increased,Healthy
1,Rhode Island Red,40.38888463902899,Decreased,No,Normal,Normal,Healthy
3,Brahma,39.57605363175396,Decreased,No,Loose,Increased,Coccidiosis
3,Plymouth Rock,41.0442031386672,Normal,No,Normal,Increased,Healthy
2,Rhode Island Red,41.03905301332216,Normal,Yes,Bloody,Normal,Healthy
1,Sussex,40.005358499638554,Decreased,No,Bloody,Normal,Coccidiosis
1,Sussex,39.93943863326092,Normal,Yes,Bloody,Normal,Coccidiosis
1,Brahma,41.20197619539079,Normal,Yes,Normal,Normal,Avian Influenza
3,Brahma,41.82497975374114,Decreased,Yes,Loose,Normal,Coccidiosis
4,Rhode Island Red,40.59466286778685,Decreased,No,Loose,Increased,Coccidiosis
4,Brahma,39.789797541373545,Normal,No,Loose,Normal,Coccidiosis
3,Leghorn,40.00691999304771,Normal,Yes,Bloody,Increased,Avian Influenza
1,Sussex,39.70498923792487,Normal,No,Bloody,Increased,Healthy
1,Rhode Island Red,40.32880345699654,Decreased,No,Normal,Normal,Avian Influenza
1,Plymouth Rock,40.07275128383659,Decreased,Yes,Bloody,Normal,Coccidiosis
3,Brahma,41.03814742923253,Decreased,No,Bloody,Normal,Coccidiosis
3,Rhode Island Red,40.54564790008227,Normal,No,Normal,Normal,Coccidiosis
1,Brahma,40.046976357184775,Normal,No,Normal,Increased,Marek's Disease
4,Plymouth Rock,40.68236947496547,Decreased,Yes,Bloody,Normal,Healthy
2,Rhode Island Red,40.714163144656204,Normal,Yes,Bloody,Increased,Avian Influenza
4,Brahma,40.81088397900857,Normal,No,Loose,Normal,Coccidiosis
2,Plymouth Rock,40.25740100806909,Normal,No,Loose,Normal,Coccidiosis
1,Brahma,41.8147676341602,Decreased,No,Bloody,Increased,Marek's Disease
2,Brahma,41.82821169808368,Normal,No,Bloody,Normal,Coccidiosis
4,Rhode Island Red,40.91539050089611,Normal,Yes,Normal,Normal,Marek's Disease
3,Rhode Island Red,40.98958060693836,Normal,No,Normal,Increased,Avian Influenza
3,Rhode Island Red,40.07457302123623,Decreased,No,Loose,Normal,Coccidiosis
1,Plymouth Rock,40.16724533375904,Decreased,No,Loose,Increased,Marek's Disease
1,Sussex,40.39774389605828,Decreased,No,Normal,Normal,Marek's Disease
2,Plymouth Rock,39.755241362455656,Normal,No,Loose,Increased,Avian Influenza
3,Plymouth Rock,41.07648618860998,Normal,No,Loose,Increased,Healthy
2,Plymouth Rock,40.566256329388494,Decreased,Yes,Bloody,Increased,Marek's Disease
1,Sussex,41.9651419192897,Decreased,No,Loose,Increased,Avian Influenza
4,Sussex,41.09472342107478,Decreased,No,Loose,Normal,Healthy
4,Plymouth Rock,40.59003242755405,Normal,Yes,Normal,Normal,Coccidiosis
2,Sussex,41.490721294783135,Normal,Yes,Loose,Increased,Healthy
2,Plymouth Rock,39.8238635779237,Decreased,No,Bloody,Increased,Avian Influenza
2,Brahma,40.949356661010754,Decreased,Yes,Normal,Increased,Avian Influenza
3,Leghorn,41.63022005829464,Decreased,No,Normal,Increased,Coccidiosis
3,Brahma,40.52308224385275,Decreased,Yes,Loose,Increased,Coccidiosis
2,Leghorn,41.736327610683894,Decreased,Yes,Loose,Increased,Coccidiosis
2,Brahma,39.95319003001153,Normal,Yes,Bloody,Increased,Marek's Disease
3,Rhode Island Red,40.40997179521706,Decreased,No,Loose,Increased,Marek's Disease
2,Brahma,39.952191667721614,Decreased,No,Bloody,Normal,Healthy
4,Sussex,40.96719663345138,Normal,No,Bloody,Increased,Coccidiosis
4,Leghorn,41.44842742596862,Decreased,No,Normal,Increased,Healthy
4,Brahma,40.075735659718035,Decreased,Yes,Normal,Increased,Coccidiosis
4,Plymouth Rock,40.38867054381384,Decreased,Yes,Bloody,Increased,Healthy
2,Rhode Island Red,40.52761598538668,Normal,No,Normal,Increased,Healthy
4,Brahma,41.672248546443164,Decreased,Yes,Bloody,Normal,Avian Influenza
1,Brahma,40.28002183367898,Normal,No,Bloody,Normal,Marek's Disease
1,Leghorn,40.67028972339053,Normal,No,Bloody,Normal,Marek's Disease
3,Sussex,39.810749777947585,Normal,Yes,Bloody,Increased,Healthy
4,Leghorn,41.87892147046672,Decreased,No,Bloody,Increased,Avian Influenza
4,Rhode Island Red,40.18225568009064,Decreased,No,Bloody,Increased,Marek's Disease
2,Plymouth Rock,40.59006588154091,Normal,Yes,Normal,Increased,Avian Influenza
2,Rhode Island Red,40.0513860324875,Normal,Yes,Bloody,Normal,Healthy
4,Sussex,41.3877633870409,Normal,Yes,Loose,Increased,Avian Influenza
2,Sussex,40.336796412709155,Normal,No,Normal,Normal,Coccidiosis
1,Sussex,41.82978898374951,Decreased,No,Bloody,Increased,Marek's Disease
4,Sussex,40.32972194969128,Normal,No,Normal,Increased,Marek's Disease
1,Sussex,41.937628222838086,Decreased,No,Loose,Increased,Marek's Disease
4,Sussex,41.1835057244463,Normal,No,Loose,Normal,Marek's Disease
1,Sussex,40.11595618129506,Decreased,Yes,Bloody,Increased,Marek's Disease
3,Leghorn,41.198406591813104,Normal,Yes,Loose,Increased,Healthy
1,Sussex,40.501453158735615,Decreased,Yes,Loose,Normal,Healthy
3,Plymouth Rock,39.638042230739096,Decreased,No,Loose,Normal,Avian Influenza
3,Rhode Island Red,41.993047634588734,Decreased,No,Normal,Normal,Avian Influenza
4,Rhode Island Red,40.11536399841686,Normal,No,Bloody,Increased,Healthy
1,Rhode Island Red,41.52024622648795,Decreased,Yes,Loose,Increased,Healthy
1,Brahma,40.75156109753192,Normal,No,Bloody,Normal,Healthy
2,Plymouth Rock,39.671055667615235,Normal,No,Loose,Increased,Marek's Disease
4,Leghorn,41.39041124612951,Normal,No,Loose,Increased,Marek's Disease
2,Sussex,39.95440319462019,Normal,Yes,Bloody,Increased,Healthy
3,Sussex,39.683455295765704,Normal,No,Loose,Increased,Marek's Disease
3,Sussex,40.91623625060713,Decreased,Yes,Bloody,Increased,Healthy
1,Brahma,39.764012398211094,Decreased,Yes,Normal,Normal,Coccidiosis
3,Plymouth Rock,41.922768995401086,Decreased,No,Normal,Increased,Avian Influenza
1,Brahma,39.917883216620226,Decreased,Yes,Normal,Increased,Coccidiosis
3,Plymouth Rock,40.67619572875787,Decreased,No,Bloody,Increased,Marek's Disease
2,Sussex,41.75938354270015,Decreased,No,Loose,Normal,Healthy
2,Rhode Island Red,40.26817081696929,Decreased,Yes,Loose,Normal,Marek's Disease
3,Plymouth Rock,41.84162192930297,Decreased,No,Loose,Normal,Healthy
3,Brahma,41.20786826969665,Decreased,No,Normal,Normal,Coccidiosis
2,Leghorn,40.902359236828076,Decreased,No,Bloody,Increased,Coccidiosis
2,Rhode Island Red,41.097194731208035,Normal,Yes,Bloody,Normal,Coccidiosis
4,Sussex,39.834055337421944,Normal,Yes,Normal,Increased,Healthy
4,Plymouth Rock,41.06701056108626,Decreased,No,Normal,Normal,Coccidiosis
3,Plymouth Rock,39.79364583745842,Decreased,Yes,Loose,Normal,Avian Influenza
2,Brahma,40.66735951485326,Decreased,No,Bloody,Normal,Healthy
3,Brahma,41.487174247096036,Normal,Yes,Normal,Normal,Healthy
4,Brahma,39.66937873329692,Decreased,No,Loose,Normal,Healthy
1,Brahma,41.553503697083634,Decreased,No,Loose,Increased,Healthy
4,Plymouth Rock,40.36203707652189,Normal,Yes,Normal,Increased,Coccidiosis
1,Brahma,40.62289286906436,Decreased,Yes,Normal,Increased,Coccidiosis
2,Leghorn,41.687135366293035,Decreased,Yes,Loose,Increased,Avian Influenza
1,Rhode Island Red,39.72870708917169,Decreased,No,Loose,Increased,Avian Influenza
4,Sussex,39.949549897951975,Decreased,No,Bloody,Increased,Marek's Disease
4,Leghorn,40.411923595910245,Normal,No,Loose,Normal,Healthy
2,Sussex,41.20346083420522,Normal,No,Loose,Normal,Marek's Disease
4,Plymouth Rock,40.74939958191652,Normal,No,Bloody,Increased,Coccidiosis
1,Brahma,40.93791438343367,Decreased,No,Loose,Increased,Coccidiosis
2,Brahma,39.63054178287874,Decreased,No,Bloody,Increased,Healthy
3,Sussex,40.604120964030464,Normal,No,Bloody,Normal,Marek's Disease
4,Rhode Island Red,40.2474097973689,Decreased,Yes,Normal,Normal,Healthy
3,Sussex,41.76741303972089,Decreased,Yes,Bloody,Increased,Avian Influenza
3,Brahma,40.82956128917059,Decreased,Yes,Loose,Increased,Avian Influenza
4,Brahma,41.76128922796447,Normal,No,Normal,Normal,Marek's Disease
3,Leghorn,39.85174517716795,Normal,No,Loose,Normal,Coccidiosis
1,Brahma,41.137390453207956,Normal,Yes,Loose,Increased,Coccidiosis
4,Leghorn,40.124448179745784,Decreased,No,Normal,Normal,Avian Influenza
1,Plymouth Rock,39.68119948774614,Decreased,No,Bloody,Increased,Healthy
2,Plymouth Rock,41.160582210685014,Decreased,Yes,Normal,Increased,Marek's Disease
4,Leghorn,41.41163141351592,Decreased,No,Loose,Increased,Healthy
2,Plymouth Rock,41.361583962911894,Normal,Yes,Bloody,Normal,Coccidiosis
4,Brahma,40.84584158336843,Decreased,No,Normal,Normal,Marek's Disease
4,Rhode Island Red,40.77200267508886,Decreased,No,Normal,Normal,Marek's Disease
1,Plymouth Rock,40.39517673800072,Decreased,No,Bloody,Increased,Coccidiosis
1,Brahma,41.23595347086176,Normal,Yes,Loose,Increased,Coccidiosis
3,Sussex,40.39196847096781,Decreased,No,Loose,Increased,Marek's Disease
3,Sussex,40.861020071957945,Decreased,Yes,Loose,Normal,Coccidiosis
4,Leghorn,41.73246682378162,Decreased,No,Normal,Increased,Coccidiosis
4,Brahma,41.08925809056428,Decreased,Yes,Loose,Increased,Coccidiosis
4,Sussex,40.24123509540342,Decreased,No,Bloody,Increased,Avian Influenza
3,Leghorn,40.93185086268225,Normal,Yes,Normal,Normal,Coccidiosis
1,Brahma,39.86865654953838,Normal,Yes,Loose,Normal,Coccidiosis
3,Rhode Island Red,40.508760706029044,Decreased,No,Normal,Normal,Marek's Disease
2,Rhode Island Red,40.320759883499434,Normal,No,Normal,Increased,Avian Influenza
3,Rhode Island Red,41.860576019064155,Decreased,No,Loose,Increased,Coccidiosis
1,Rhode Island Red,40.075338274128434,Decreased,Yes,Loose,Increased,Marek's Disease
3,Plymouth Rock,41.841447483883364,Normal,Yes,Bloody,Increased,Marek's Disease
4,Brahma,40.752079614596454,Decreased,Yes,Normal,Normal,Coccidiosis
2,Plymouth Rock,40.610936810284706,Decreased,No,Normal,Normal,Healthy
3,Sussex,41.281040567974166,Decreased,Yes,Loose,Normal,Healthy
1,Leghorn,41.538822171650764,Decreased,No,Loose,Normal,Avian Influenza
2,Brahma,41.33097712513834,Decreased,No,Normal,Increased,Marek's Disease
4,Leghorn,40.273736130302055,Normal,Yes,Loose,Increased,Avian Influenza
1,Sussex,40.362079662278695,Decreased,Yes,Normal,Increased,Coccidiosis
4,Sussex,41.101819085904125,Normal,No,Normal,Increased,Coccidiosis
3,Plymouth Rock,40.905113190944924,Decreased,No,Bloody,Increased,Healthy
4,Rhode Island Red,40.09235134077898,Decreased,No,Normal,Increased,Avian Influenza
1,Rhode Island Red,39.5040037807903,Decreased,No,Bloody,Normal,Healthy
1,Sussex,40.34923560354959,Decreased,Yes,Loose,Increased,Coccidiosis
2,Leghorn,41.30502976722748,Normal,Yes,Normal,Normal,Coccidiosis
2,Rhode Island Red,39.60697678971568,Decreased,Yes,Normal,Normal,Avian Influenza
2,Rhode Island Red,40.758405806935926,Decreased,Yes,Loose,Normal,Avian Influenza
4,Leghorn,39.710224190587304,Normal,No,Bloody,Normal,Coccidiosis
2,Sussex,40.972567420668696,Normal,Yes,Normal,Increased,Avian Influenza
3,Leghorn,40.29848707437991,Decreased,No,Normal,Normal,Healthy
1,Rhode Island Red,40.83373948745183,Normal,No,Loose,Normal,Healthy
2,Leghorn,40.28598174816522,Normal,No,Normal,Increased,Marek's Disease
1,Rhode Island Red,40.119275293036424,Normal,Yes,Loose,Increased,Marek's Disease
2,Plymouth Rock,39.758255979565085,Normal,No,Bloody,Increased,Coccidiosis
4,Plymouth Rock,40.97094439141466,Normal,No,Loose,Normal,Coccidiosis
1,Rhode Island Red,39.670880362189514,Normal,Yes,Bloody,Normal,Avian Influenza
1,Plymouth Rock,41.13135375345393,Decreased,Yes,Bloody,Normal,Coccidiosis
3,Sussex,41.64014000101846,Decreased,No,Normal,Normal,Avian Influenza
2,Plymouth Rock,39.85397013987691,Decreased,No,Loose,Normal,Avian Influenza
4,Leghorn,41.828305990176375,Decreased,Yes,Normal,Increased,Avian Influenza
4,Leghorn,40.54650273150516,Normal,No,Bloody,Normal,Coccidiosis
4,Sussex,40.2638469599296,Normal,No,Normal,Normal,Coccidiosis
2,Rhode Island Red,39.77382113171291,Normal,No,Normal,Normal,Coccidiosis
1,Brahma,40.29538859097781,Normal,No,Normal,Increased,Avian Influenza
1,Brahma,40.918075088833504,Decreased,Yes,Loose,Increased,Coccidiosis
3,Leghorn,40.80172027875245,Normal,No,Loose,Increased,Avian Influenza
2,Plymouth Rock,40.32823953783939,Decreased,Yes,Bloody,Normal,Healthy
4,Brahma,39.61261962419093,Normal,Yes,Bloody,Normal,Coccidiosis
2,Leghorn,40.70888818557311,Normal,Yes,Bloody,Increased,Marek's Disease
4,Rhode Island Red,40.79296280245337,Normal,No,Normal,Increased,Healthy
4,Brahma,40.96396739937472,Decreased,Yes,Bloody,Increased,Healthy
2,Brahma,40.45219222294965,Normal,No,Loose,Normal,Coccidiosis
2,Rhode Island Red,40.887514271645735,Decreased,No,Loose,Increased,Coccidiosis
2,Rhode Island Red,40.93135919545588,Decreased,No,Normal,Increased,Coccidiosis
1,Rhode Island Red,41.2515637707193,Decreased,No,Loose,Increased,Avian Influenza
2,Rhode Island Red,41.81437803104161,Normal,No,Bloody,Normal,Healthy
2,Rhode Island Red,40.78610013562762,Decreased,Yes,Loose,Normal,Marek's Disease
1,Sussex,41.76955576231508,Decreased,Yes,Bloody,Increased,Marek's Disease
4,Leghorn,40.95649193426537,Decreased,No,Bloody,Increased,Healthy
3,Brahma,39.88832425401179,Decreased,Yes,Normal,Increased,Coccidiosis
1,Plymouth Rock,40.51519235979134,Decreased,Yes,Loose,Normal,Coccidiosis
1,Sussex,39.9861851768829,Normal,Yes,Normal,Normal,Healthy
4,Brahma,41.445551162685895,Decreased,No,Normal,Normal,Coccidiosis
3,Sussex,41.03840838901164,Normal,Yes,Loose,Increased,Healthy
3,Leghorn,41.94774446738543,Decreased,Yes,Bloody,Normal,Marek's Disease
2,Leghorn,41.592799675614465,Normal,Yes,Bloody,Normal,Marek's Disease
3,Rhode Island Red,40.76163684896067,Decreased,Yes,Normal,Increased,Marek's Disease
3,Leghorn,41.78518108168763,Normal,Yes,Bloody,Increased,Marek's Disease
3,Rhode Island Red,39.695307339686,Decreased,Yes,Normal,Increased,Marek's Disease
4,Brahma,39.92943303042864,Decreased,Yes,Bloody,Increased,Marek's Disease
1,Sussex,41.44630555544663,Decreased,Yes,Bloody,Normal,Healthy
4,Leghorn,39.94833981554793,Decreased,Yes,Bloody,Normal,Healthy
3,Leghorn,39.671880252921,Normal,No,Loose,Increased,Coccidiosis
2,Plymouth Rock,40.72283193413195,Normal,Yes,Normal,Normal,Healthy
4,Rhode Island Red,40.22470041973023,Normal,No,Normal,Normal,Healthy
2,Rhode Island Red,40.56454566637491,Normal,Yes,Bloody,Increased,Healthy
1,Sussex,39.623752077131456,Normal,No,Bloody,Increased,Healthy
2,Brahma,40.207453583036674,Decreased,No,Normal,Normal,Coccidiosis
2,Sussex,41.77873098023364,Normal,Yes,Loose,Increased,Marek's Disease
3,Leghorn,39.754360112751606,Decreased,Yes,Loose,Normal,Healthy
1,Brahma,40.81019343041195,Decreased,Yes,Loose,Increased,Avian Influenza
2,Leghorn,40.20622951812325,Normal,Yes,Loose,Normal,Healthy
4,Brahma,41.133353928931996,Decreased,No,Normal,Increased,Coccidiosis
4,Brahma,40.999110379657346,Decreased,No,Normal,Increased,Healthy
2,Leghorn,41.98617327385522,Normal,Yes,Bloody,Increased,Healthy
2,Sussex,41.87802706178795,Normal,No,Bloody,Increased,Avian Influenza
1,Sussex,41.00208997412003,Decreased,No,Normal,Increased,Avian Influenza
2,Sussex,40.58425589544853,Normal,No,Bloody,Normal,Healthy
2,Rhode Island Red,41.483724444285784,Decreased,No,Bloody,Increased,Avian Influenza
4,Plymouth Rock,40.75214956376162,Decreased,No,Loose,Increased,Marek's Disease
2,Brahma,41.3308962591619,Decreased,Yes,Normal,Normal,Marek's Disease
4,Leghorn,40.40023765503063,Decreased,No,Bloody,Normal,Avian Influenza
3,Brahma,40.90891958578977,Decreased,Yes,Normal,Normal,Avian Influenza
3,Brahma,40.07321798508513,Decreased,Yes,Bloody,Normal,Avian Influenza
4,Rhode Island Red,40.84247081765186,Decreased,Yes,Loose,Normal,Marek's Disease
1,Brahma,41.73538342900688,Normal,Yes,Bloody,Increased,Avian Influenza
2,Rhode Island Red,39.95829894862901,Normal,No,Loose,Increased,Coccidiosis
4,Rhode Island Red,40.10013752874135,Normal,Yes,Normal,Increased,Marek's Disease
3,Rhode Island Red,39.590513906285906,Decreased,Yes,Loose,Normal,Healthy
2,Brahma,40.855755973359805,Decreased,No,Loose,Increased,Coccidiosis
1,Leghorn,40.72681082315836,Normal,Yes,Bloody,Increased,Marek's Disease
2,Rhode Island Red,40.415574328167054,Normal,No,Normal,Normal,Marek's Disease
4,Rhode Island Red,41.04419309567299,Normal,No,Normal,Normal,Coccidiosis
1,Leghorn,41.39244010784674,Normal,No,Normal,Normal,Avian Influenza
3,Sussex,41.413248742791374,Decreased,Yes,Loose,Increased,Avian Influenza
2,Plymouth Rock,40.95545441588246,Normal,Yes,Loose,Increased,Healthy
4,Sussex,39.86678850693664,Normal,Yes,Normal,Increased,Healthy
1,Plymouth Rock,41.89618992811045,Decreased,No,Loose,Increased,Healthy
3,Plymouth Rock,40.73932734034156,Normal,No,Loose,Increased,Coccidiosis
3,Leghorn,40.88061720408336,Normal,No,Loose,Increased,Marek's Disease
3,Brahma,40.60263563092045,Normal,Yes,Normal,Normal,Coccidiosis
4,Plymouth Rock,41.00147059162917,Decreased,No,Loose,Normal,Coccidiosis
2,Plymouth Rock,41.36171600595786,Decreased,No,Normal,Increased,Marek's Disease
2,Leghorn,39.82882347851844,Decreased,Yes,Bloody,Increased,Avian Influenza
1,Leghorn,39.908146993068435,Decreased,Yes,Normal,Normal,Marek's Disease
2,Plymouth Rock,40.800938545490986,Normal,No,Loose,Normal,Marek's Disease
4,Sussex,40.13880407280385,Normal,No,Loose,Increased,Avian Influenza
4,Rhode Island Red,40.876288546350864,Normal,Yes,Bloody,Normal,Avian Influenza
3,Brahma,41.045255712618555,Decreased,No,Normal,Increased,Avian Influenza
1,Sussex,41.45305718395781,Decreased,No,Loose,Increased,Marek's Disease
3,Brahma,41.809173970195324,Decreased,No,Bloody,Normal,Coccidiosis
4,Rhode Island Red,41.6140323118859,Decreased,No,Normal,Increased,Marek's Disease
1,Rhode Island Red,39.94058984215625,Decreased,Yes,Bloody,Normal,Coccidiosis
3,Rhode Island Red,40.06979844910304,Normal,Yes,Bloody,Normal,Avian Influenza
2,Rhode Island Red,41.65059852454338,Decreased,Yes,Normal,Normal,Marek's Disease
1,Rhode Island Red,39.94843130987406,Normal,Yes,Bloody,Normal,Healthy
2,Leghorn,40.38833815333884,Normal,No,Loose,Normal,Coccidiosis
4,Sussex,41.95369984317292,Normal,No,Normal,Increased,Coccidiosis
2,Sussex,41.6305563910348,Normal,Yes,Loose,Normal,Coccidiosis
2,Leghorn,39.50598157332894,Decreased,No,Loose,Increased,Healthy
3,Leghorn,41.79073679062503,Normal,No,Loose,Increased,Avian Influenza
4,Brahma,41.120294018642454,Decreased,Yes,Bloody,Increased,Coccidiosis
3,Sussex,39.55186069354853,Decreased,Yes,Normal,Normal,Avian Influenza
3,Leghorn,41.91871092569981,Decreased,Yes,Loose,Normal,Marek's Disease
3,Leghorn,41.77970213519387,Normal,Yes,Bloody,Increased,Avian Influenza
1,Sussex,41.966677704666104,Decreased,No,Normal,Normal,Coccidiosis
2,Rhode Island Red,39.92671376203788,Decreased,No,Loose,Increased,Coccidiosis
2,Rhode Island Red,41.35843952446201,Decreased,Yes,Loose,Normal,Coccidiosis
2,Plymouth Rock,41.805822910648985,Decreased,No,Bloody,Normal,Avian Influenza
4,Plymouth Rock,40.81074967620614,Decreased,No,Bloody,Normal,Marek's Disease
3,Plymouth Rock,39.552228252326515,Decreased,No,Normal,Normal,Avian Influenza
4,Rhode Island Red,39.99112731557637,Normal,Yes,Normal,Normal,Avian Influenza
3,Sussex,41.08167917807455,Decreased,No,Loose,Normal,Marek's Disease
2,Leghorn,39.596566333642436,Normal,No,Bloody,Increased,Avian Influenza
3,Sussex,39.5088016683902,Normal,No,Loose,Increased,Marek's Disease
3,Leghorn,40.87962146879988,Normal,Yes,Bloody,Increased,Marek's Disease
1,Leghorn,40.59683426371979,Decreased,Yes,Bloody,Increased,Coccidiosis
2,Sussex,41.03105171506106,Normal,No,Bloody,Normal,Coccidiosis
3,Rhode Island Red,41.25880061712892,Normal,Yes,Loose,Normal,Coccidiosis
1,Leghorn,40.63583399024695,Normal,No,Bloody,Normal,Marek's Disease
1,Plymouth Rock,40.82808031523181,Decreased,Yes,Loose,Increased,Marek's Disease
3,Sussex,40.95529033918373,Decreased,Yes,Bloody,Increased,Marek's Disease
3,Rhode Island Red,40.25626990771179,Decreased,No,Normal,Normal,Coccidiosis
4,Plymouth Rock,40.02596102426211,Normal,No,Normal,Increased,Healthy
4,Plymouth Rock,39.62794591045032,Decreased,No,Bloody,Increased,Coccidiosis
3,Plymouth Rock,39.8201772184059,Normal,Yes,Loose,Normal,Healthy
3,Sussex,41.91086076845891,Normal,No,Bloody,Normal,Coccidiosis
1,Leghorn,39.94363646527603,Normal,No,Loose,Increased,Healthy
3,Brahma,41.000751943497214,Normal,No,Normal,Normal,Coccidiosis
2,Plymouth Rock,40.60723759533156,Normal,Yes,Loose,Increased,Coccidiosis
1,Sussex,41.609743711835826,Normal,No,Normal,Normal,Marek's Disease
4,Rhode Island Red,39.92769396638633,Decreased,Yes,Normal,Normal,Healthy
4,Leghorn,39.85979306836279,Normal,Yes,Bloody,Normal,Marek's Disease
4,Plymouth Rock,40.43756454766282,Decreased,Yes,Bloody,Normal,Coccidiosis
4,Plymouth Rock,41.286288770136224,Normal,Yes,Normal,Increased,Coccidiosis
3,Sussex,41.32714063029793,Normal,Yes,Loose,Normal,Avian Influenza
4,Brahma,41.4208559535298,Decreased,Yes,Loose,Normal,Marek's Disease
1,Sussex,40.28874949298528,Normal,No,Normal,Increased,Coccidiosis
